<?xml version="1.0" encoding="UTF-8"?>

<!-- generated on 2025-10-07 14:05:53 by Eclipse SUMO sumo Version 1.23.1
<sumoConfiguration xmlns:xsi="http://www.w3.org/2001/XMLSchema-instance" xsi:noNamespaceSchemaLocation="http://sumo.dlr.de/xsd/sumoConfiguration.xsd">

    <input>
        <net-file value="C:\Users\kullalab\OneDrive - 福岡工業大学 (1)\デスクトップ\CNX1\osm.net.xml.gz"/>
        <route-files value="C:\Users\kullalab\OneDrive - 福岡工業大学 (1)\デスクトップ\CNX1\trips_dens_2.5ps.rou.xml"/>
        <additional-files value="C:\Users\kullalab\OneDrive - 福岡工業大学 (1)\デスクトップ\CNX1\osm.poly.xml.gz,C:\Users\kullalab\OneDrive - 福岡工業大学 (1)\デスクトップ\CNX1\output.add.xml"/>
    </input>

    <output>
        <tripinfo-output value="C:\Users\kullalab\OneDrive - 福岡工業大学 (1)\デスクトップ\CNX1\tripinfos.xml"/>
        <statistic-output value="C:\Users\kullalab\OneDrive - 福岡工業大学 (1)\デスクトップ\CNX1\stats.xml"/>
    </output>

    <processing>
        <ignore-route-errors value="true"/>
        <tls.actuated.jam-threshold value="30"/>
    </processing>

    <routing>
        <device.rerouting.adaptation-steps value="18"/>
        <device.rerouting.adaptation-interval value="10"/>
    </routing>

    <report>
        <verbose value="true"/>
        <duration-log.statistics value="true"/>
        <no-step-log value="true"/>
    </report>

    <traci_server>
        <remote-port value="50673"/>
    </traci_server>

    <gui_only>
        <gui-settings-file value="C:\Users\kullalab\OneDrive - 福岡工業大学 (1)\デスクトップ\CNX1\osm.view.xml"/>
        <quit-on-end value="true"/>
    </gui_only>

</sumoConfiguration>
-->

<statistics xmlns:xsi="http://www.w3.org/2001/XMLSchema-instance" xsi:noNamespaceSchemaLocation="http://sumo.dlr.de/xsd/statistic_file.xsd">
    <performance clockBegin="484471.05" clockEnd="493589.37" clockDuration="9118.32" traciDuration="8601.46" realTimeFactor="2.47" vehicleUpdatesPerSecond="9082.12" personUpdatesPerSecond="0.00" begin="0.00" end="22503.00" duration="22503.00"/>
    <vehicles loaded="15190" inserted="15190" running="0" waiting="0"/>
    <teleports total="11076" jam="6173" yield="4313" wrongLane="589"/>
    <safety collisions="1" emergencyStops="0" emergencyBraking="1"/>
    <persons loaded="0" running="0" jammed="0"/>
    <personTeleports total="0" abortWait="0" wrongDest="0"/>
    <vehicleTripStatistics count="15190" routeLength="3762.18" speed="3.79" duration="5451.84" waitingTime="4717.16" timeLoss="5067.06" departDelay="81.88" departDelayWaiting="-1.00" totalTravelTime="82813458.00" totalDepartDelay="1243736.84"/>
    <pedestrianStatistics number="0" routeLength="0.00" duration="0.00" timeLoss="0.00"/>
    <rideStatistics number="0"/>
    <transportStatistics number="0"/>
</statistics>
