<?xml version="1.0" encoding="UTF-8"?>

<!-- generated on 2025-09-29 14:04:52 by Eclipse SUMO sumo Version 1.23.1
<sumoConfiguration xmlns:xsi="http://www.w3.org/2001/XMLSchema-instance" xsi:noNamespaceSchemaLocation="http://sumo.dlr.de/xsd/sumoConfiguration.xsd">

    <input>
        <net-file value="C:\Users\kullalab\OneDrive - 福岡工業大学 (1)\デスクトップ\Fukuoka\osm.net.xml.gz"/>
        <route-files value="C:\Users\kullalab\OneDrive - 福岡工業大学 (1)\デスクトップ\Fukuoka\trips_dens_1ps.rou.xml"/>
        <additional-files value="C:\Users\kullalab\OneDrive - 福岡工業大学 (1)\デスクトップ\Fukuoka\osm.poly.xml.gz,C:\Users\kullalab\OneDrive - 福岡工業大学 (1)\デスクトップ\Fukuoka\output.add.xml"/>
    </input>

    <output>
        <tripinfo-output value="C:\Users\kullalab\OneDrive - 福岡工業大学 (1)\デスクトップ\Fukuoka\tripinfos.xml"/>
        <statistic-output value="C:\Users\kullalab\OneDrive - 福岡工業大学 (1)\デスクトップ\Fukuoka\stats.xml"/>
    </output>

    <time>
        <step-length value="1.0"/>
    </time>

    <processing>
        <ignore-route-errors value="true"/>
        <tls.actuated.jam-threshold value="30"/>
    </processing>

    <routing>
        <device.rerouting.adaptation-steps value="18"/>
        <device.rerouting.adaptation-interval value="10"/>
    </routing>

    <report>
        <verbose value="true"/>
        <duration-log.statistics value="true"/>
        <no-step-log value="true"/>
    </report>

    <traci_server>
        <remote-port value="56640"/>
    </traci_server>

    <gui_only>
        <gui-settings-file value="C:\Users\kullalab\OneDrive - 福岡工業大学 (1)\デスクトップ\Fukuoka\osm.view.xml"/>
    </gui_only>

</sumoConfiguration>
-->

<statistics xmlns:xsi="http://www.w3.org/2001/XMLSchema-instance" xsi:noNamespaceSchemaLocation="http://sumo.dlr.de/xsd/statistic_file.xsd">
    <performance clockBegin="354929.13" clockEnd="354936.84" clockDuration="7.71" traciDuration="1.22" realTimeFactor="496.56" vehicleUpdatesPerSecond="73829.07" personUpdatesPerSecond="0.00" begin="0.00" end="3826.00" duration="3826.00"/>
    <vehicles loaded="3600" inserted="3600" running="0" waiting="0"/>
    <teleports total="3" jam="2" yield="1" wrongLane="0"/>
    <safety collisions="0" emergencyStops="0" emergencyBraking="0"/>
    <persons loaded="0" running="0" jammed="0"/>
    <personTeleports total="0" abortWait="0" wrongDest="0"/>
    <vehicleTripStatistics count="3600" routeLength="1625.39" speed="10.70" duration="158.01" waitingTime="24.59" timeLoss="61.60" departDelay="0.22" departDelayWaiting="-1.00" totalTravelTime="568852.00" totalDepartDelay="789.00"/>
    <pedestrianStatistics number="0" routeLength="0.00" duration="0.00" timeLoss="0.00"/>
    <rideStatistics number="0"/>
    <transportStatistics number="0"/>
</statistics>
