<?xml version="1.0" encoding="UTF-8"?>

<!-- generated on 2025-10-09 13:38:44 by Eclipse SUMO sumo Version 1.23.1
<sumoConfiguration xmlns:xsi="http://www.w3.org/2001/XMLSchema-instance" xsi:noNamespaceSchemaLocation="http://sumo.dlr.de/xsd/sumoConfiguration.xsd">

    <input>
        <net-file value="C:\Users\kullalab\OneDrive - 福岡工業大学 (1)\デスクトップ\Singapore1\osm.net.xml.gz"/>
        <route-files value="C:\Users\kullalab\OneDrive - 福岡工業大学 (1)\デスクトップ\Singapore1\trips_dens_2.5ps.rou.xml"/>
        <additional-files value="C:\Users\kullalab\OneDrive - 福岡工業大学 (1)\デスクトップ\Singapore1\osm.poly.xml.gz,C:\Users\kullalab\OneDrive - 福岡工業大学 (1)\デスクトップ\Singapore1\output.add.xml"/>
    </input>

    <output>
        <tripinfo-output value="C:\Users\kullalab\OneDrive - 福岡工業大学 (1)\デスクトップ\Singapore1\tripinfos.xml"/>
        <statistic-output value="C:\Users\kullalab\OneDrive - 福岡工業大学 (1)\デスクトップ\Singapore1\stats.xml"/>
    </output>

    <processing>
        <ignore-route-errors value="true"/>
        <tls.actuated.jam-threshold value="30"/>
    </processing>

    <routing>
        <device.rerouting.adaptation-steps value="18"/>
        <device.rerouting.adaptation-interval value="10"/>
    </routing>

    <report>
        <verbose value="true"/>
        <duration-log.statistics value="true"/>
        <no-step-log value="true"/>
    </report>

    <traci_server>
        <remote-port value="52955"/>
    </traci_server>

    <gui_only>
        <gui-settings-file value="C:\Users\kullalab\OneDrive - 福岡工業大学 (1)\デスクトップ\Singapore1\osm.view.xml"/>
        <quit-on-end value="true"/>
    </gui_only>

</sumoConfiguration>
-->

<statistics xmlns:xsi="http://www.w3.org/2001/XMLSchema-instance" xsi:noNamespaceSchemaLocation="http://sumo.dlr.de/xsd/statistic_file.xsd">
    <performance clockBegin="50945.90" clockEnd="96979.85" clockDuration="46033.95" traciDuration="42529.48" realTimeFactor="0.78" vehicleUpdatesPerSecond="9080.32" personUpdatesPerSecond="0.00" begin="0.00" end="35976.00" duration="35976.00"/>
    <vehicles loaded="35295" inserted="35295" running="0" waiting="0"/>
    <teleports total="65404" jam="40689" yield="18444" wrongLane="6259"/>
    <safety collisions="12" emergencyStops="0" emergencyBraking="25"/>
    <persons loaded="0" running="0" jammed="0"/>
    <personTeleports total="0" abortWait="0" wrongDest="0"/>
    <vehicleTripStatistics count="35295" routeLength="4594.66" speed="2.40" duration="11843.11" waitingTime="10708.92" timeLoss="11334.82" departDelay="438.39" departDelayWaiting="-1.00" totalTravelTime="418002523.00" totalDepartDelay="15472962.77"/>
    <pedestrianStatistics number="0" routeLength="0.00" duration="0.00" timeLoss="0.00"/>
    <rideStatistics number="0"/>
    <transportStatistics number="0"/>
</statistics>
