<?xml version="1.0" encoding="UTF-8"?>

<!-- generated on 2025-10-01 14:45:07 by Eclipse SUMO sumo Version 1.23.1
<sumoConfiguration xmlns:xsi="http://www.w3.org/2001/XMLSchema-instance" xsi:noNamespaceSchemaLocation="http://sumo.dlr.de/xsd/sumoConfiguration.xsd">

    <input>
        <net-file value="C:\Users\kullalab\OneDrive - 福岡工業大学 (1)\デスクトップ\CNX1\osm.net.xml.gz"/>
        <route-files value="C:\Users\kullalab\OneDrive - 福岡工業大学 (1)\デスクトップ\CNX1\trips_dens_1.5ps.rou.xml"/>
        <additional-files value="C:\Users\kullalab\OneDrive - 福岡工業大学 (1)\デスクトップ\CNX1\osm.poly.xml.gz,C:\Users\kullalab\OneDrive - 福岡工業大学 (1)\デスクトップ\CNX1\output.add.xml"/>
    </input>

    <output>
        <tripinfo-output value="C:\Users\kullalab\OneDrive - 福岡工業大学 (1)\デスクトップ\CNX1\tripinfos.xml"/>
        <statistic-output value="C:\Users\kullalab\OneDrive - 福岡工業大学 (1)\デスクトップ\CNX1\stats.xml"/>
    </output>

    <processing>
        <ignore-route-errors value="true"/>
        <tls.actuated.jam-threshold value="30"/>
    </processing>

    <routing>
        <device.rerouting.adaptation-steps value="18"/>
        <device.rerouting.adaptation-interval value="10"/>
    </routing>

    <report>
        <verbose value="true"/>
        <duration-log.statistics value="true"/>
        <no-step-log value="true"/>
    </report>

    <traci_server>
        <remote-port value="62157"/>
    </traci_server>

    <gui_only>
        <gui-settings-file value="C:\Users\kullalab\OneDrive - 福岡工業大学 (1)\デスクトップ\CNX1\osm.view.xml"/>
        <quit-on-end value="true"/>
    </gui_only>

</sumoConfiguration>
